year,p_ci_min,p_ci,p_ci_max
1843,0.98,0.985,0.99
1851,0.98,0.985,0.99
1869,0.85,0.92,0.99
1870,0.95,0.97,0.99
1874,0.98,0.985,0.99
1876,0.98,0.985,0.99
1877,0.98,0.985,0.99
1878,0.98,0.985,0.99
1880,0.98,0.985,0.99
1881,0.9,0.925,0.95
1883,0.98,0.985,0.99
1884,0.98,0.985,0.99
1886,0.98,0.985,0.99
1889,0.95,0.97,0.99
1890,0.5,0.62,0.74
1892,0.98,0.985,0.99
1893,0.95,0.97,0.99
1894,0.95,0.97,0.99
1894,0.95,0.97,0.99
1894,0.75,0.87,0.99
1895,0.75,0.87,0.99
1895,0.95,0.97,0.99
1895,0.95,0.97,0.99
1896,0.75,0.87,0.99
1897,0.75,0.87,0.99
1898,0.75,0.87,0.99
1898,0.95,0.97,0.99
1902,0.95,0.97,0.99
1903,0.75,0.87,0.99
1903,0.95,0.97,0.99
1904,0.5,0.62,0.74
1907,0.25,0.37,0.49
1909,0.5,0.62,0.74
1910,0.95,0.97,0.99
1912,0.25,0.37,0.49
1913,0.25,0.37,0.49
1914,0.95,0.97,0.99
1915,0.25,0.37,0.49
1916,0.5,0.62,0.74
1918,0.25,0.37,0.49
1924,0.5,0.62,0.74
1927,0.1,0.17,0.24
1930,0.25,0.37,0.49
1939,0.1,0.42,0.74
1950,0.1,0.42,0.74
1956,0.1,0.17,0.24
1960,0.1,0.3,0.5
